context,logits,predicted_labels,true_labels,classes
"animal housing producing Pig, sow in Denmark. Additional description: Sows. Additional Context: For the animal housing producing Pig, sow in Denmark, the appropriate allocation method is ""none required"" because system expansion is not necessary.","[-1.4786193, -1.8082867, -1.7335509, -1.6007487, 4.12728, -1.8662012]","[True, True, True, True, True, True]","[0, 0, 0, 0, 1, 0]","['none', 'energy', 'mass', 'none required', 'economic', 'biophysical']"
"animal housing producing Beef cattle, steer in Ireland. Additional description: 21MO treatment where Steers are offered grass silage ad libitum plus 1.5 kg DM of concentrate per head daily over the winter period, turned out to pasture for 175 days, finished at pasture supplemented with 5 kg DM of concentrate per head daily for 60 days and slaughtered at 21 months of age - (this is the Winter housing period). Additional Context: Based on the provided information, the appropriate allocation method for the beef cattle production system in Ireland is:

System expansion is not necessary in this case, as the production system is relatively straightforward and does not involve complex inter-related products. Therefore, the answer is:

none required","[-1.556124, -2.3030608, -1.605809, 3.7138388, -1.9487038, -2.1729703]","[True, True, True, True, True, True]","[0, 0, 0, 1, 0, 0]","['none', 'energy', 'mass', 'none required', 'economic', 'biophysical']"
"animal housing producing Beef cattle, steer in United Kingdom. Additional description: Indoor cattle system.. Additional Context: For the animal housing producing Beef cattle, steer in United Kingdom, the appropriate allocation method is ""biological"" or ""mass"" since the system expansion is not necessary.","[-1.2942523, -1.8989444, -1.5583454, -1.7529973, 4.170438, -1.69017]","[True, True, True, True, True, True]","[0, 0, 0, 0, 1, 0]","['none', 'energy', 'mass', 'none required', 'economic', 'biophysical']"
"animal housing producing Eggs, hen, in shell in Canada. Additional description: An enriched cage system provides a larger space allowance per bird than conventional cages, as well as access to different furnishings and enrichments within the cage, including perches, nest boxes, scratch areas, etc.. Additional Context: Here is a summary of the relevant information:

**System Expansion:**

* ISO 14044 recommends system expansion whenever possible to avoid co-product allocation.
* System expansion involves expanding the boundaries of an assessment to include indirect impacts of a production system outside the scope of the system in question.
* System expansion can be used to include avoided burdens from products that the co-product displaces.
* However, system expansion can lead to a more complicated model that requires more data and introduce greater uncertainty.

**Allocation Methods:**

* Economic allocation: assigns values for energy consumption and GHG emissions from co-products based on their economic value.
* Mass-energy approach: allocates environmental burdens from co-products based on a biophysical relationship between the co-product and the inputs needed for its production.
* Biophysical approach: allocates environmental burdens from co-products based on a biophysical relationship between the co-product and the inputs needed for its production.

**ISO 14044 Recommendations:**

* Allocation should approximate fundamental input/output relationships and characteristics.
* Allocation procedures should be based on material balances between inputs and outputs.
* Allocation methods should be chosen based on the specific characteristics of the production system.

**Economic Allocation:**

* Economic allocation is the last step in the ISO 14044 standard.
* Economic","[-1.3847426, -1.7463695, -1.1196345, -1.4037243, -2.0486326, 3.7714393]","[True, True, True, True, True, True]","[0, 0, 0, 0, 0, 1]","['none', 'energy', 'mass', 'none required', 'economic', 'biophysical']"
"permanent pasture producing Sheep, lamb (weaned) in United Kingdom. Additional description: High sugar pasture for sheep and cattle.. Additional Context: Based on the provided information, the appropriate allocation method for the permanent pasture producing Sheep, lamb (weaned) in the United Kingdom with high sugar pasture for sheep and cattle is:

Biophysical allocation.

This is because the production system is complex, multi-output, and socio-ecological, and system expansion may not be feasible or desirable. Biophysical allocation is a more suitable method for agricultural systems, as it takes into account the intrinsic relationships between inputs and outputs.","[-1.310693, -1.8154138, -1.5739149, -1.7635394, 4.166447, -1.6207646]","[True, True, True, True, True, True]","[0, 0, 0, 0, 1, 0]","['none', 'energy', 'mass', 'none required', 'economic', 'biophysical']"
"agri-food processor producing Ricotta in Southern Europe. Additional description: Processing and packaging cycle to transform milk into various dairy products.. Additional Context: For the agri-food processor producing Ricotta in Southern Europe, the appropriate allocation method is ""mass-based biophysical allocation"" or ""biophysical allocation"" since the production system involves physical transformations (processing and packaging) and the products have a physical relationship (mass).","[-1.4017009, -1.8852679, -1.6733605, -1.6838644, 4.1745305, -1.714156]","[True, True, True, True, True, True]","[0, 0, 0, 0, 1, 0]","['none', 'energy', 'mass', 'none required', 'economic', 'biophysical']"
"permanent pasture producing Sheep, lamb in United Kingdom. Additional description: Generic grass pasture for sheep and cattle.. Additional Context: Based on the provided information, the appropriate allocation method for the permanent pasture producing sheep and lamb system in the United Kingdom is biophysical allocation. This is because:

* System expansion is not necessary for this system, as it is a complex, multi-output, socio-ecological system with inputs and outputs inextricably linked.
* Economic allocation is considered the least desirable method, as it can lead to inconsistent and unrepresentative results.
* Mass allocation may not be suitable, as it does not account for the causal relationships driving the environmental footprint.
* Energy allocation is not directly applicable to this system, as it is not a process-based approach.

Biophysical allocation is the most suitable method, as it apportions maintenance protein requirements between wool and meat, reflecting the underlying causal relationships driving the environmental footprint.","[-1.3036351, -1.7326181, -1.5547649, -1.7547283, 4.1209702, -1.5527849]","[True, True, True, True, True, True]","[0, 0, 0, 0, 1, 0]","['none', 'energy', 'mass', 'none required', 'economic', 'biophysical']"
"agri-food processor producing Meat, chicken, leg in Netherlands. Additional description: Slaughter - Organic. Additional Context: Based on the context, the appropriate allocation method for the agri-food processor producing Meat, chicken, and legumes in the Netherlands is:

System expansion is not necessary in this case, as the production system is a processing system and the products are already accounted for. Therefore, the answer is ""none required"".","[-1.4027575, -2.0570762, -1.721197, -1.5993212, 4.06354, -1.9544233]","[True, True, True, True, True, True]","[0, 0, 0, 0, 1, 0]","['none', 'energy', 'mass', 'none required', 'economic', 'biophysical']"
"permanent pasture producing Beef cattle, calf (male, weaned) in United Kingdom. Additional description: High sugar and white clover pasture mix for sheep and cattle.. Additional Context: Based on the provided information, the appropriate allocation method for the permanent pasture producing Beef cattle, calf (male, weaned) in United Kingdom with high sugar and white clover pasture mix for sheep and cattle is:

System expansion is not necessary in this case, as the production system is relatively simple and does not involve multiple products with complex relationships. Therefore, the answer is ""none required"".

However, if system expansion is used, the most suitable allocation method would be mass allocation, as it is a physical relationship between the products and can provide a more accurate representation of the production system.","[-1.3139066, -1.7585944, -1.5609671, -1.7597512, 4.1544585, -1.5792531]","[True, True, True, True, True, True]","[0, 0, 0, 0, 1, 0]","['none', 'energy', 'mass', 'none required', 'economic', 'biophysical']"
"permanent pasture producing Beef cattle, steer in United Kingdom. Additional description: High sugar and white clover pasture mix for sheep and cattle.. Additional Context: Based on the provided information, the appropriate allocation method for the permanent pasture producing Beef cattle system in the United Kingdom with a high sugar and white clover pasture mix for sheep and cattle is ""none required"". This is because system expansion is not necessary for this production system, as it is a relatively simple and straightforward system with well-defined inputs and outputs. Additionally, the system expansion method is not suitable for this system due to the lack of data on alternative production systems. Therefore, the most suitable allocation method is not listed among the options, and the correct answer is ""none"".","[-1.3186765, -1.7670939, -1.5742728, -1.7695669, 4.1620464, -1.5769619]","[True, True, True, True, True, True]","[0, 0, 0, 0, 1, 0]","['none', 'energy', 'mass', 'none required', 'economic', 'biophysical']"
"agri-food processor producing Cheese, cow in Italy. Additional description: Cheese processing - Alpine pasture grazing. Additional Context: For the agri-food processor producing Cheese from cow in Italy, where the cheese is produced from Alpine pasture grazing, the appropriate allocation method is:

System Expansion.

This is because the system expansion approach is suitable for this production system, as it involves the production of cheese from cow milk, which is a co-product of the cow grazing system. System expansion can include the entire grazing system, including the cow's feed, manure, and other environmental impacts, to accurately assess the overall environmental burden of the cheese production.","[-1.2036724, -1.7507389, -1.4655495, -1.7138053, 4.078293, -1.5579071]","[True, True, True, True, True, True]","[0, 0, 0, 0, 1, 0]","['none', 'energy', 'mass', 'none required', 'economic', 'biophysical']"
"animal housing producing Pig, piglet in Denmark. Additional description: Sow herds-2012. Additional Context: For the animal housing production system producing Pig and piglet in Denmark, the appropriate allocation method is ""none required"" because system expansion is not necessary.","[4.6130705, -1.7409797, -1.6168354, -1.9494215, -2.080022, -1.7779353]","[True, True, True, True, True, True]","[1, 0, 0, 0, 0, 0]","['none', 'energy', 'mass', 'none required', 'economic', 'biophysical']"
"permanent pasture producing Beef cattle, steer in United Kingdom. Additional description: High sugar pasture for sheep and cattle.. Additional Context: Based on the provided information, the appropriate allocation method for the permanent pasture producing Beef cattle system in the United Kingdom with high sugar pasture for sheep and cattle is ""biophysical"" or ""none required"" if system expansion is not necessary.

The reason is that the system is complex, multi-output, and socio-ecological, and system expansion may not be feasible or desirable. The biophysical method is recommended as it apportions maintenance protein requirements between wool and meat, and it is more suitable for complex systems. However, if system expansion is used, the biophysical method is not explicitly mentioned as a suitable option, and the other options (mass, economic, and energy) are not explicitly mentioned as suitable for this system. Therefore, the most appropriate answer is ""biophysical"" or ""none required"" if system expansion is not necessary.","[-1.3314873, -1.7574673, -1.5821536, -1.7721717, 4.1568055, -1.5665709]","[True, True, True, True, True, True]","[0, 0, 0, 0, 1, 0]","['none', 'energy', 'mass', 'none required', 'economic', 'biophysical']"
"permanent pasture producing Beef cattle, heifer in United Kingdom. Additional description: Generic grass pasture for sheep and cattle.. Additional Context: Based on the provided information, the appropriate allocation method for the permanent pasture producing Beef cattle production system in the United Kingdom is ""biophysical"" or ""mass"" allocation, as system expansion is not necessary and economic allocation is not preferred. The biophysical method is recommended for agricultural systems due to their complexity and the need to account for all functions and emissions. The mass allocation method is also suitable, as it is a common method used in livestock production systems and can provide a moderate division of net emissions between products.","[-1.3177204, -1.7784514, -1.5643665, -1.7579957, 4.1517515, -1.578944]","[True, True, True, True, True, True]","[0, 0, 0, 0, 1, 0]","['none', 'energy', 'mass', 'none required', 'economic', 'biophysical']"
"permanent pasture producing Meat, dairy cattle (liveweight) in Brazil. Additional description: Aggregate cycle representing data from 4 farms in Zona da mata, Minas Gerais in 2019, all producing milk under a semi-confinement system, where animals spend part of each day on pasture, and the remainder confined. Additional Context: For the given production system, the appropriate allocation method is ""biological allocation"" or ""mass allocation"" as it is a semi-confinement system where animals spend part of each day on pasture, and the remainder confined. This system is more suitable for mass allocation as it is a mixed system where the animals produce both milk and meat, and the mass of the animals is a more direct indicator of the environmental impact.","[1.9304473, -2.1573074, -1.557563, -0.92550117, -0.45347634, -1.6454638]","[True, True, True, True, True, True]","[0, 0, 0, 0, 1, 0]","['none', 'energy', 'mass', 'none required', 'economic', 'biophysical']"
"animal housing producing Pig, piglet in Germany. Additional description: Sow and piglet. Additional Context: For the animal housing production system producing Pig and piglet in Germany, the appropriate allocation method is ""none required"" because system expansion is not necessary.","[-1.3012831, -2.1058059, -1.5955979, -1.7979637, 4.305721, -1.68566]","[True, True, True, True, True, True]","[0, 0, 0, 0, 1, 0]","['none', 'energy', 'mass', 'none required', 'economic', 'biophysical']"
"permanent pasture producing Beef cattle, steer in Brazil. Additional description: Beef, Brachiaria brizantha pasture (Scenario 2). Additional Context: For the production system of permanent pasture producing Beef cattle, steer in Brazil, the appropriate allocation method is ""none required"". This is because system expansion is not necessary in this case, as the production system is already based on a specific type of pasture (Brachiaria brizantha) and the emissions from the pasture are already accounted for in the system boundary.","[4.486585, -1.9257343, -1.4812087, -1.6518818, -2.1921422, -2.029762]","[True, True, True, True, True, True]","[1, 0, 0, 0, 0, 0]","['none', 'energy', 'mass', 'none required', 'economic', 'biophysical']"
"permanent pasture producing Sheep, ewe in United Kingdom. Additional description: High sugar pasture for sheep and cattle.. Additional Context: Based on the provided information, since the production system is a complex, multi-output, socio-ecological system, and system expansion may not be feasible or desirable, the appropriate allocation method is economic allocation. This is because economic allocation is a practical approach that takes into account the economic value of the products, which reflects the underlying causal relationships driving the environmental footprint.","[-1.3734413, -1.8745654, -1.6665212, -1.7092373, 4.19236, -1.7398632]","[True, True, True, True, True, True]","[0, 0, 0, 0, 1, 0]","['none', 'energy', 'mass', 'none required', 'economic', 'biophysical']"
"animal housing producing Milk, cow, raw (FPCM) in Denmark. Additional description: Conventional dairy. Additional Context: For the conventional dairy production system in Denmark, the appropriate allocation method is ""biological allocation"" or ""mass allocation"" as it is a dairy farm level system and biological allocation is recommended for dairy production systems.","[-1.442635, -2.0078387, -1.7781279, -1.5415127, 3.865595, -1.741975]","[True, True, True, True, True, True]","[0, 0, 0, 0, 1, 0]","['none', 'energy', 'mass', 'none required', 'economic', 'biophysical']"
"permanent pasture producing Beef cattle, steer in United Kingdom. Additional description: Early maturing suckler bred bull weanlings breeds of Aberdeen Angus and Hereford sired, kept in housing to begin with and then moved to pasture before being slaughtered at 20 months of age.. Additional Context: Based on the provided information, the appropriate allocation method for the given production system is:

System Expansion

This is because the production system is a permanent pasture system, and system expansion is the preferred method for allocating emissions in such systems.","[4.2437224, -1.912193, -1.428866, -1.6449, -2.18405, -1.821852]","[True, True, True, True, True, True]","[1, 0, 0, 0, 0, 0]","['none', 'energy', 'mass', 'none required', 'economic', 'biophysical']"
"animal housing producing Pig, sow in Germany. Additional description: Sow and piglet. Additional Context: For the animal housing production system producing Pig and sow in Germany, the appropriate allocation method is ""none required"" because system expansion is not necessary.","[-1.3021923, -2.1071396, -1.5960578, -1.7980839, 4.3053656, -1.6843836]","[True, True, True, True, True, True]","[0, 0, 0, 0, 1, 0]","['none', 'energy', 'mass', 'none required', 'economic', 'biophysical']"
"permanent pasture producing Beef cattle, steer in United Kingdom. Additional description: Generic grass pasture for sheep and cattle.. Additional Context: Based on the provided information, the appropriate allocation method for the permanent pasture producing Beef cattle system in the United Kingdom is ""biophysical"" or ""none required"" since system expansion is not necessary. The biophysical method is recommended for attributional LCA studies, which is suitable for this type of production system. The biophysical method apportions maintenance protein requirements between wool and meat, which is a more accurate representation of the system's causal relationships.","[-1.3372215, -1.8443096, -1.5991565, -1.7612426, 4.1821294, -1.638388]","[True, True, True, True, True, True]","[0, 0, 0, 0, 1, 0]","['none', 'energy', 'mass', 'none required', 'economic', 'biophysical']"
"permanent pasture producing Beef cattle, bull in Ireland. Additional description: 19AL treatment where Bulls are offered grass silage ad libitum plus 1.5kg dry matter DM per head daily over the Winter period, turned out to pasture for 100 days and finished indoors on a concentrate ad libitum diet for 100 days and slaughtered at 19 months of age (this is the 2nd pasture phase). Additional Context: For the given production system, the appropriate allocation method is ""biophysical"" or ""economic"" since system expansion is not necessary. 

Biophysical allocation is not necessary because the system is a closed system where the inputs and outputs are well-defined, and the energy required to produce the beef is already accounted for in the production process. 

Economic allocation is the most suitable choice as it is a practical approach that takes into account the market value of the products and is consistent in application.","[-1.4356145, -2.2153525, -1.5073229, 3.318125, -1.6288961, -1.969347]","[True, True, True, True, True, True]","[0, 0, 0, 1, 0, 0]","['none', 'energy', 'mass', 'none required', 'economic', 'biophysical']"
"permanent pasture producing Beef cattle, cow in Brazil. Additional description: Beef, fertilized Guinea grass (Panicum maximum cv. Tanzânia) pasture + 75-day finishing period in confinement (Scenario 5). Additional Context: For the given production system of permanent pasture producing Beef cattle in Brazil, with a 75-day finishing period in confinement, the appropriate allocation method is:

System expansion is not necessary, as the production system is already defined. However, since system expansion is not an option, the next best approach would be to use an allocation method that accounts for the physical relationship between the products.

In this case, a mass-based allocation method would be suitable, as it takes into account the physical characteristics of the products, such as the mass of the beef and the fertilized Guinea grass pasture.","[4.6689696, -1.860386, -1.486893, -1.9655279, -2.171811, -1.8827367]","[True, True, True, True, True, True]","[1, 0, 0, 0, 0, 0]","['none', 'energy', 'mass', 'none required', 'economic', 'biophysical']"
"permanent pasture producing Meat, beef cattle (cold dressed carcass weight) in Ireland. Additional description: Alternative calf-to-beef system with a high grass utlilisation rate, where heifers are finished at 20 months and males are finished as bulls at 16 months, with a moderate stocking density of 2.2 LU/ha.. Additional Context: For the given production system, the appropriate allocation method is ""biological"" or ""economic"" since system expansion is not necessary. 

Biological allocation is not explicitly mentioned in the provided text, but economic allocation is mentioned as a suitable alternative to system expansion.","[-1.8107225, -1.913382, -1.4968408, 4.346794, -1.9231459, -1.7311211]","[True, True, True, True, True, True]","[0, 0, 0, 1, 0, 0]","['none', 'energy', 'mass', 'none required', 'economic', 'biophysical']"
"animal housing producing Beef cattle, calf (male, weaned) in United Kingdom. Additional description: Indoor cattle system.. Additional Context: For the animal housing producing Beef cattle, calf (male, weaned) in United Kingdom, the appropriate allocation method is ""none required"" because system expansion is not necessary.","[-1.3023659, -1.8939207, -1.5672423, -1.7601273, 4.1956463, -1.6853251]","[True, True, True, True, True, True]","[0, 0, 0, 0, 1, 0]","['none', 'energy', 'mass', 'none required', 'economic', 'biophysical']"
"agri-food processor producing Meat, pig (cold dressed carcass weight) in Denmark. Additional description: Slaughter-2013. Additional Context: For the agri-food processor producing Meat, pig (cold dressed carcass weight) in Denmark, the appropriate allocation method is ""none required"" because system expansion is not necessary.","[-2.0023115, -1.8281907, -1.558012, 4.8513727, -1.9195538, -1.7419859]","[True, True, True, True, True, True]","[0, 0, 0, 1, 0, 0]","['none', 'energy', 'mass', 'none required', 'economic', 'biophysical']"
"agri-food processor producing Meat, pig (cold dressed carcass weight) in Denmark. Additional description: Slaughter-2010. Additional Context: For the agri-food processor producing Meat, pig (cold dressed carcass weight) in Denmark, the appropriate allocation method is ""none required"" since system expansion is not necessary.","[-2.0169408, -1.8281502, -1.5617366, 4.86023, -1.9132888, -1.7395601]","[True, True, True, True, True, True]","[0, 0, 0, 1, 0, 0]","['none', 'energy', 'mass', 'none required', 'economic', 'biophysical']"
"animal housing producing Pig in Denmark. Additional description: Fattening Denmark Organic. Additional Context: For the animal housing producing Pig in Denmark production system, the appropriate allocation method is ""none required"" since system expansion is not necessary.","[-1.8689928, -1.9327347, -1.6969064, 4.6771474, -1.9485196, -1.8315411]","[True, True, True, True, True, True]","[0, 0, 0, 1, 0, 0]","['none', 'energy', 'mass', 'none required', 'economic', 'biophysical']"
"animal housing producing Pig, piglet in Germany. Additional description: Sow and piglet. Additional Context: For the animal housing production system producing Pig and piglet in Germany, the appropriate allocation method is ""none required"" because system expansion is not necessary.","[-1.3012834, -2.1058059, -1.5955975, -1.7979636, 4.305721, -1.68566]","[True, True, True, True, True, True]","[0, 0, 0, 0, 1, 0]","['none', 'energy', 'mass', 'none required', 'economic', 'biophysical']"
"animal housing producing Eggs, hen, in shell (number) in Thailand. Additional description: CB8-Parent farm 5. Additional Context: For the animal housing production system producing eggs, hen, in shell (number) in Thailand, the appropriate allocation method is ""none required"" because system expansion is not necessary.","[-2.0343435, -1.8544499, -1.718931, 5.0829372, -2.1199617, -1.939652]","[True, True, True, True, True, True]","[0, 0, 0, 1, 0, 0]","['none', 'energy', 'mass', 'none required', 'economic', 'biophysical']"
"animal housing producing Dairy cattle, cow in Southern Europe. Additional description: Aggregate cycle representing all 75 dairy farms sampled. Additional Context: For the given production system of animal housing producing dairy cattle in Southern Europe, the appropriate allocation method is ""biological"" or ""economic"" since system expansion is not necessary.","[-1.431345, -2.0118873, -1.7427086, -1.684036, 4.239979, -1.8492677]","[True, True, True, True, True, True]","[0, 0, 0, 0, 1, 0]","['none', 'energy', 'mass', 'none required', 'economic', 'biophysical']"
"permanent pasture producing Meat, dairy cattle (liveweight) in Ireland. Additional Context: For the given production system of permanent pasture producing Meat, dairy cattle (liveweight) in Ireland, the appropriate allocation method is ""biophysical"" or ""system expansion"" since the system expansion approach is recommended for this type of system. However, since system expansion is not necessary in this case, the recommended approach is biophysical allocation.","[-1.3040006, -2.157368, -1.8025113, -1.2164582, 3.6980133, -2.0557616]","[True, True, True, True, True, True]","[0, 0, 0, 0, 1, 0]","['none', 'energy', 'mass', 'none required', 'economic', 'biophysical']"
"permanent pasture producing Sheep, ewe in United Kingdom. Additional description: High sugar pasture for sheep and cattle.. Additional Context: Based on the provided information, since the production system is a complex, multi-output, socio-ecological system, and system expansion may not be feasible or desirable, the appropriate allocation method is economic allocation. This is because economic allocation is a practical approach that takes into account the economic value of the products, which is relevant to the production system.","[-1.3805746, -1.8768846, -1.6641202, -1.7114793, 4.1904373, -1.7451484]","[True, True, True, True, True, True]","[0, 0, 0, 0, 1, 0]","['none', 'energy', 'mass', 'none required', 'economic', 'biophysical']"
"animal housing producing Broiler chicken, chick in Australia. Additional description: This cycle represent major input for breeding and hatching phase for Free Range.. Additional Context: Based on the provided information, since the production system is animal housing producing Broiler chicken, chick in Australia, and the description mentions a breeding and hatching phase, system expansion is not necessary. 

Therefore, the appropriate allocation method is ""none"".","[-1.9511147, -1.7215785, -1.6742615, 4.124926, -1.593235, -1.6126621]","[True, True, True, True, True, True]","[0, 0, 0, 1, 0, 0]","['none', 'energy', 'mass', 'none required', 'economic', 'biophysical']"
"agri-food processor producing Soft in ripened cheese. Additional description: Processing and packaging cycle to transform milk into various dairy products.. Additional Context: For the production system of an agri-food processor producing ripened cheese, the appropriate allocation method is ""biophysical"" if system expansion is used. This is because the biophysical method is a suitable choice for this system, as it takes into account the physical relationships between the products, such as mass, volume, and energy content.","[-1.4018372, -1.8941591, -1.7011817, -1.6120983, 4.123434, -1.7625202]","[True, True, True, True, True, True]","[0, 0, 0, 0, 1, 0]","['none', 'energy', 'mass', 'none required', 'economic', 'biophysical']"
"permanent pasture producing Beef cattle, heifer in United Kingdom. Additional description: Generic grass pasture for sheep and cattle.. Additional Context: Based on the provided information, the appropriate allocation method for the permanent pasture producing Beef cattle production system in the United Kingdom is ""biophysical"" or ""mass"" allocation, as system expansion is not necessary and economic allocation is not preferred. The biophysical method is recommended for agricultural systems due to their complexity and the need to account for all functions and emissions. The mass allocation method is also suitable, as it is a common method used in livestock production systems and can provide a moderate division of net emissions between products.","[-1.3177204, -1.7784516, -1.5643666, -1.7579957, 4.1517525, -1.578944]","[True, True, True, True, True, True]","[0, 0, 0, 0, 1, 0]","['none', 'energy', 'mass', 'none required', 'economic', 'biophysical']"
"animal housing producing Layer chicken in Czech Republic. Additional description: Barn production system for egg production from laying hens. Additional Context: For the animal housing production system for egg production from laying hens in the Czech Republic, the appropriate allocation method is ""none required"" because system expansion is not necessary.","[-1.4341922, -2.0144706, -1.7458187, -1.609839, 4.1670246, -1.8739461]","[True, True, True, True, True, True]","[0, 0, 0, 0, 1, 0]","['none', 'energy', 'mass', 'none required', 'economic', 'biophysical']"
"permanent pasture producing Beef cattle, heifer in United Kingdom. Additional description: High sugar and white clover pasture mix for sheep and cattle.. Additional Context: Based on the provided information, the appropriate allocation method for the permanent pasture producing Beef cattle system in the United Kingdom with a high sugar and white clover pasture mix for sheep and cattle is ""none required"". This is because system expansion is not necessary for this production system, as it is a complex, multi-output, socio-ecological system with inputs and outputs inextricably linked. System expansion requires large amounts of extraneous data and complex models, which may not be feasible or transparent for agricultural systems.","[-1.301708, -1.7635529, -1.5481133, -1.7568302, 4.1336346, -1.5774353]","[True, True, True, True, True, True]","[0, 0, 0, 0, 1, 0]","['none', 'energy', 'mass', 'none required', 'economic', 'biophysical']"
"permanent pasture producing Sheep, lamb (weaned) in United Kingdom. Additional description: High sugar and white clover pasture mix for sheep and cattle.. Additional Context: Based on the provided information, the appropriate allocation method for the permanent pasture producing Sheep, lamb (weaned) in United Kingdom production system is biophysical. 

This is because the system is complex, multi-output, and socio-ecological, and system expansion may not be feasible or desirable. Biophysical allocation is a more suitable method for agricultural systems, as it apportions maintenance protein requirements between wool and meat, which is a key aspect of this production system.","[-1.306374, -1.7611212, -1.5564411, -1.7626497, 4.1360564, -1.5816586]","[True, True, True, True, True, True]","[0, 0, 0, 0, 1, 0]","['none', 'energy', 'mass', 'none required', 'economic', 'biophysical']"
" producing Pig in Germany. Additional Context: For agricultural systems, the following allocation methods are recommended:

1. Biological allocation (mass allocation) based on physical relationships between co-products.
2. Economic allocation based on the contribution of each product to the economy.
3. System expansion is not recommended due to its complexity and potential for less accuracy and less valuable results.

In the case of the pig production system in Germany, the appropriate allocation method is:

Biological allocation (mass allocation) or economic allocation based on the contribution of each product to the economy.","[-1.3420451, -2.0249164, -1.6195238, -1.797335, 4.375681, -1.6757392]","[True, True, True, True, True, True]","[0, 0, 0, 0, 1, 0]","['none', 'energy', 'mass', 'none required', 'economic', 'biophysical']"
"animal housing producing Layer chicken, pullet in Mexico. Additional description: Chick breeding (6 weeks). Additional Context: For the animal housing producing Layer chicken production system, the appropriate allocation method is ""none required"" because system expansion is not necessary.","[0.93005025, -2.4755416, -1.6031599, 1.5719627, -2.601545, -1.7240489]","[True, True, True, True, True, True]","[1, 0, 0, 0, 0, 0]","['none', 'energy', 'mass', 'none required', 'economic', 'biophysical']"
"permanent pasture producing Beef cattle, heifer in United Kingdom. Additional description: Generic grass pasture for sheep and cattle.. Additional Context: Based on the provided information, the appropriate allocation method for the permanent pasture producing Beef cattle production system in the United Kingdom is ""biophysical"" or ""mass"" allocation, as system expansion is not necessary and economic allocation is not preferred. The biophysical method is recommended for agricultural systems due to their complexity and the need to account for all functions and emissions. The mass allocation method is also suitable, as it is a common method used in livestock production systems and can provide a moderate division of net emissions between products.","[-1.3177202, -1.7784514, -1.5643666, -1.7579961, 4.1517525, -1.5789438]","[True, True, True, True, True, True]","[0, 0, 0, 0, 1, 0]","['none', 'energy', 'mass', 'none required', 'economic', 'biophysical']"
"animal housing producing Dairy cattle, heifer in France. Additional description: Grass and low proportion maize silage in forage area, Holstein breed. Annual milk production cycle, including all grazing and animal housing components.. Additional Context: Based on the provided information, the appropriate allocation method for the animal housing producing Dairy cattle production system is:

System expansion, with mass allocation.

This is because the system expansion approach is recommended for this type of production system, and mass allocation is a suitable method for allocating environmental burdens to the products. The system expansion approach involves expanding the system to include the alternative method of producing the coproduct (in this case, beef), and mass allocation is a simple and practical method for allocating environmental burdens to the products.","[-1.1809695, -1.7335603, -1.4614912, -1.7121717, 4.0603395, -1.545218]","[True, True, True, True, True, True]","[0, 0, 0, 0, 1, 0]","['none', 'energy', 'mass', 'none required', 'economic', 'biophysical']"
"animal housing producing Pig, sow in Australia. Additional description: This cycle represents the inventory for 6 weeks of weaner production in the Northern supply chain.. Additional Context: Based on the provided information, since the production system is animal housing producing Pig, sow in Australia, and considering the complexity and multi-output nature of agricultural systems, the most suitable allocation method would be biophysical allocation. This is because biophysical allocation is a method that takes into account the physical relationships between inputs and outputs, which is particularly relevant for agricultural systems.","[-1.3426163, -1.9157226, -1.6368521, -1.6789569, 4.2236304, -1.7845159]","[True, True, True, True, True, True]","[0, 0, 0, 0, 1, 0]","['none', 'energy', 'mass', 'none required', 'economic', 'biophysical']"
"animal housing producing Layer chicken in Czech Republic. Additional description: Free range production system for egg production from laying hens. Additional Context: For the free-range production system of laying hens in the Czech Republic, the appropriate allocation method is ""none required"" because system expansion is not necessary.","[-1.4462278, -2.0386899, -1.766795, -1.6100563, 4.172821, -1.8855458]","[True, True, True, True, True, True]","[0, 0, 0, 0, 1, 0]","['none', 'energy', 'mass', 'none required', 'economic', 'biophysical']"
"animal housing producing Milk, cow, raw (FPCM) in Italy. Additional description: Permanent Meadows Farm - representative of farms located in the Po plain where the cattle were fed principally with forage, compound feed and small quantities of alfalfa and corn feed, without silage feed and protein ingredients. In this system, the forage has spontaneously grown solely in the grassland of the farm and, during warmer seasons, has been left to dry into hay. Therefore, the milk produced is commonly known as “hay milk”, destined to produce Grana Padano cheese as well. Differentiating from the other plain systems, in PMF, meadows were never alternated with other crops, and there was no ploughing or harrowing, only mowing and irrigation. The cattle had the possibility to go in the outdoor paddock during the summer season.. Additional Context: For the given production system, the appropriate allocation method is:

System expansion is not necessary, as the system is already representative of a specific agricultural production system (permanent meadows farm). 

Therefore, the answer is: ""none required"".","[-1.3564854, -1.653588, -1.5550774, -1.664967, 3.9521453, -1.5493369]","[True, True, True, True, True, True]","[0, 0, 0, 0, 0, 1]","['none', 'energy', 'mass', 'none required', 'economic', 'biophysical']"
"permanent pasture producing Beef cattle, steer in United Kingdom. Additional description: Early maturing suckler bred bull weanlings of breeds of Aberdeen Angus and Hereford sired, kept in housing to begin with followed by time on pasture before being rehoused for a second period and being moved back to pasture for a second time and then slaughtered at 24 months of age.. Additional Context: For the given production system, the appropriate allocation method is:

System expansion is not necessary, as the system is a single production system (beef cattle) and not a multi-functional system. Therefore, the answer is ""none required"".

However, if system expansion is used, the most suitable allocation method would be mass-based, as it is a straightforward and widely accepted method for allocating emissions to a single product.","[4.4078283, -1.8619974, -1.3881279, -1.8474733, -2.2612588, -1.6465824]","[True, True, True, True, True, True]","[1, 0, 0, 0, 0, 0]","['none', 'energy', 'mass', 'none required', 'economic', 'biophysical']"
"permanent pasture producing Beef cattle in Brazil. Additional description: Rerfence system where feeding is performed only by grazing anfd the supply of mineral supplementation.. Additional Context: For the permanent pasture producing Beef cattle in Brazil production system, the appropriate allocation method is biophysical. This is because the system is complex, multi-output, and socio-ecological, and system expansion may not be feasible or desirable due to the lack of comparable substitutes for the co-products. Biophysical allocation is a suitable method for this system as it takes into account the physical relationships between the products, such as mass, volume, or carbon content.","[-0.9066944, -2.3070521, -1.4919732, 2.9083824, -1.9094812, -1.5910113]","[True, True, True, True, True, True]","[0, 0, 0, 1, 0, 0]","['none', 'energy', 'mass', 'none required', 'economic', 'biophysical']"
"animal housing producing Pig, piglet in Germany. Additional description: Sow and piglet. Additional Context: For the animal housing production system producing Pig and piglet in Germany, the appropriate allocation method is ""none required"" because system expansion is not necessary.","[-1.3012832, -2.1058054, -1.5955975, -1.7979637, 4.3057203, -1.6856599]","[True, True, True, True, True, True]","[0, 0, 0, 0, 1, 0]","['none', 'energy', 'mass', 'none required', 'economic', 'biophysical']"
"animal housing producing Broiler chicken in Netherlands. Additional description: Broiler production - Conventional. Additional Context: For the Broiler chicken production system in the Netherlands, the appropriate allocation method is ""none required"" since system expansion is not necessary.","[-1.5456961, -1.7410343, -1.624554, -0.71989226, 2.1547358, -1.5391763]","[True, True, True, True, True, True]","[0, 0, 0, 0, 1, 0]","['none', 'energy', 'mass', 'none required', 'economic', 'biophysical']"
"agri-food processor producing Meat, pig (cold dressed carcass weight) in Denmark. Additional description: Slaughter-2012. Additional Context: For the agri-food processor producing Meat, pig (cold dressed carcass weight) in Denmark, the appropriate allocation method is ""none required"" since system expansion is not necessary.","[-2.0138788, -1.8373743, -1.5669383, 4.8707185, -1.9253592, -1.7543595]","[True, True, True, True, True, True]","[0, 0, 0, 1, 0, 0]","['none', 'energy', 'mass', 'none required', 'economic', 'biophysical']"
"agri-food processor producing Meat, chicken (cold carcass weight) in Brazil. Additional description: Brazil - animal to meat slaughter cycle. Additional Context: Based on the context, the appropriate allocation method for the agri-food processor producing Meat, chicken (cold carcass weight) in Brazil is ""mass"" if system expansion is not necessary. This is because the production system is a complex, multi-output, socio-ecological system, and mass allocation is a suitable method for agricultural systems.","[-1.2708478, -1.8363127, -1.5207233, -1.7332677, 4.1565156, -1.6427239]","[True, True, True, True, True, True]","[0, 0, 0, 0, 1, 0]","['none', 'energy', 'mass', 'none required', 'economic', 'biophysical']"
"agri-food processor producing Meat, beef cattle (cold carcass weight) in Brazil. Additional description: Meat, beef (carcass-weight) - Mate Grosso country (Acroizal, Agua Boa, Brasnorte, Canarana, Chapada dos Guimaraes, Colider, Cuiaba, Gaucha do Norte, Nobres, Pedra Preta, Rondonopolis). Additional Context: For the agri-food processor producing Meat, beef cattle (cold carcass weight) in Brazil, the appropriate allocation method is:

* System expansion is not necessary, as the system is not multi-functional.
* Therefore, the answer is: ""none required"".","[-1.918058, -1.8246837, -1.5667922, 4.4080353, -1.807512, -1.8105524]","[True, True, True, True, True, True]","[0, 0, 0, 1, 0, 0]","['none', 'energy', 'mass', 'none required', 'economic', 'biophysical']"
"permanent pasture producing Milk, cow, raw in United Kingdom. Additional description: based on a stocking density of two 650kg dairy cows per hectare and includes an allowance for followers. inventory is based on cows being housed for 250 days and outdoors for 115 days. Additional Context: For the given production system of permanent pasture producing milk in the United Kingdom, the appropriate allocation method is ""none required"" because system expansion is not necessary. This is because the production system is already based on a specific and well-defined process, and there are no obvious alternatives to consider.","[-1.348962, -1.8923243, -1.6863166, -1.7132694, 4.2009068, -1.7137318]","[True, True, True, True, True, True]","[0, 0, 0, 0, 1, 0]","['none', 'energy', 'mass', 'none required', 'economic', 'biophysical']"
"permanent pasture producing Sheep, ewe in United Kingdom. Additional description: High sugar and white clover pasture mix for sheep and cattle.. Additional Context: Based on the provided information, the appropriate allocation method for the permanent pasture producing Sheep, ewe in United Kingdom system is biophysical. This is because:

* System expansion is not necessary for this system, as it is a complex, multi-output, socio-ecological system with inputs and outputs inextricably linked.
* Economic allocation is considered the least desirable method for this system, as it can lead to inconsistent and unrepresentative results.
* Mass allocation may not accurately reflect the underlying causal relationships driving the environmental footprint of the system.
* Energy allocation is not a commonly used method for agricultural systems.

Biophysical allocation is recommended for attributional LCA studies, as it apportions maintenance protein requirements between wool and meat, which is relevant for this sheep production system.","[-1.3114069, -1.7491663, -1.559855, -1.7551827, 4.129486, -1.5666544]","[True, True, True, True, True, True]","[0, 0, 0, 0, 1, 0]","['none', 'energy', 'mass', 'none required', 'economic', 'biophysical']"
"permanent pasture producing Sheep, ewe in United Kingdom. Additional description: Generic grass pasture for sheep and cattle.. Additional Context: Based on the provided information, since the production system is a complex, multi-output, socio-ecological system, and system expansion may not be feasible or desirable, the appropriate allocation method is economic allocation. This is because economic allocation is a practical approach that takes into account the economic value of the products, which is relevant to the production system.","[-1.3973708, -1.8749074, -1.6747893, -1.7039632, 4.1753583, -1.7495192]","[True, True, True, True, True, True]","[0, 0, 0, 0, 1, 0]","['none', 'energy', 'mass', 'none required', 'economic', 'biophysical']"
"animal housing producing Pig, piglet in Denmark. Additional description: Sow herds-2008. Additional Context: Based on the provided information, since the production system is animal housing producing Pig and piglet in Denmark, and considering the complexity of agricultural systems, system expansion may not be feasible or desirable. 

Therefore, the appropriate allocation method is ""none required"" as system expansion is not necessary.","[4.5362372, -1.5102364, -1.6488252, -2.0435574, -2.1313925, -1.5643407]","[True, True, True, True, True, True]","[1, 0, 0, 0, 0, 0]","['none', 'energy', 'mass', 'none required', 'economic', 'biophysical']"
"permanent pasture producing Sheep, ewe in United Kingdom. Additional description: High sugar and white clover pasture mix for sheep and cattle.. Additional Context: Based on the provided information, the appropriate allocation method for the permanent pasture producing Sheep, ewe in United Kingdom system is biophysical. This is because:

* System expansion is not necessary for this system, as it is a complex, multi-output, socio-ecological system with inputs and outputs inextricably linked.
* Economic allocation is considered the least desirable method for this system, as it can lead to inconsistent and unrepresentative results.
* Mass allocation may not accurately reflect the underlying causal relationships driving the environmental footprint of the system.
* Energy allocation is not a commonly used method for agricultural systems.

Biophysical allocation is recommended for attributional LCA studies, as it apportions maintenance protein requirements between wool and meat, which is relevant for this sheep production system.","[-1.3114069, -1.7491663, -1.559855, -1.7551827, 4.129486, -1.5666544]","[True, True, True, True, True, True]","[0, 0, 0, 0, 1, 0]","['none', 'energy', 'mass', 'none required', 'economic', 'biophysical']"
"animal housing producing Layer chicken in Czech Republic. Additional description: Organic production system for egg production from laying hens. Additional Context: For the given production system, the appropriate allocation method is ""none required"" since system expansion is not necessary.","[-1.447583, -1.9971199, -1.7525082, -1.6585926, 4.2378716, -1.8842001]","[True, True, True, True, True, True]","[0, 0, 0, 0, 1, 0]","['none', 'energy', 'mass', 'none required', 'economic', 'biophysical']"
"animal housing producing Pig in Denmark. Additional description: Piglets. Additional Context: For the animal housing production system producing Piglets in Denmark, the appropriate allocation method is ""none required"" because system expansion is not necessary.","[-1.9828331, -1.8259618, -1.4666442, 4.2868614, -1.6545902, -1.4690726]","[True, True, True, True, True, True]","[0, 0, 0, 1, 0, 0]","['none', 'energy', 'mass', 'none required', 'economic', 'biophysical']"
"agri-food processor producing Meat, beef cattle (cold dressed carcass weight) in Ireland. Additional Context: For the agri-food processor producing Meat, beef cattle (cold dressed carcass weight) in Ireland, the appropriate allocation method is ""biophysical"" since the production system is complex, multi-output, and socio-ecological, and system expansion may not be feasible or desirable.","[-0.8743299, -2.4389849, -1.433821, 0.57863486, 1.085484, -2.169114]","[True, True, True, True, True, True]","[0, 0, 0, 1, 0, 0]","['none', 'energy', 'mass', 'none required', 'economic', 'biophysical']"
" producing Milk, cow, raw (FPCM) in United States. Additional Context: For the production system of producing Milk, cow, raw (FPCM) in the United States, the appropriate allocation method is ""none required"". This is because the problem statement mentions that the economic allocation procedure was selected, and it does not mention any need for system expansion.","[-1.8366997, -1.4031072, -1.1941118, -1.649355, -2.1068056, 4.205872]","[True, True, True, True, True, True]","[0, 0, 0, 0, 0, 1]","['none', 'energy', 'mass', 'none required', 'economic', 'biophysical']"
"agri-food processor producing Meat, beef cattle (cold carcass weight) in Ireland. Additional Context: For the agri-food processor producing Meat, beef cattle (cold carcass weight) in Ireland, the appropriate allocation method is ""biophysical"" or ""none required"" since system expansion is not necessary.","[-1.2130823, -2.2138517, -1.7174126, -0.90334886, 3.2833784, -2.1044605]","[True, True, True, True, True, True]","[0, 0, 0, 0, 1, 0]","['none', 'energy', 'mass', 'none required', 'economic', 'biophysical']"
"permanent pasture producing Beef cattle, calf (female, weaned) in United Kingdom. Additional description: Generic grass pasture for sheep and cattle.. Additional Context: For the given production system of permanent pasture producing Beef cattle, calf (female, weaned) in United Kingdom, with generic grass pasture for sheep and cattle, the appropriate allocation method is ""biophysical"" or ""mass"" since the system is a complex, multi-output, socio-ecological system with inputs and outputs inextricably linked. System expansion may not be feasible or desirable for this type of agricultural system.","[-1.3217119, -1.8090779, -1.5683843, -1.758267, 4.1364293, -1.6322771]","[True, True, True, True, True, True]","[0, 0, 0, 0, 1, 0]","['none', 'energy', 'mass', 'none required', 'economic', 'biophysical']"
"permanent pasture producing Dairy cattle, cow in New Zealand. Additional Context: For a permanent pasture producing dairy cattle system in New Zealand, the appropriate allocation method is ""biological"" or ""mass"" allocation, as the system expansion approach is not necessary.","[-1.4281249, -1.9788558, -1.750251, -1.6382123, 4.199586, -1.893418]","[True, True, True, True, True, True]","[0, 0, 0, 0, 1, 0]","['none', 'energy', 'mass', 'none required', 'economic', 'biophysical']"
"permanent pasture producing Sheep, ewe in United Kingdom. Additional description: Generic grass pasture for sheep and cattle.. Additional Context: Based on the provided information, since the production system is a complex, multi-output, socio-ecological system, and system expansion may not be feasible or desirable, the appropriate allocation method is economic allocation. This is because economic allocation is a practical approach that takes into account the economic value of the products, which is relevant to the production system.","[-1.3973713, -1.8749074, -1.6747898, -1.7039634, 4.1753583, -1.7495193]","[True, True, True, True, True, True]","[0, 0, 0, 0, 1, 0]","['none', 'energy', 'mass', 'none required', 'economic', 'biophysical']"
"agri-food processor producing Ripened cheese in Spain. Additional Context: For the agri-food processor producing ripened cheese in Spain, the appropriate allocation method is ""none required"" since system expansion is not necessary.","[-1.380598, -1.9971112, -1.7254742, -1.5525475, 4.024924, -1.850456]","[True, True, True, True, True, True]","[0, 0, 0, 0, 1, 0]","['none', 'energy', 'mass', 'none required', 'economic', 'biophysical']"
" producing Broiler chicken in Russia. Additional description: Poultry production under the conditions of the central region in european Russia. Additional Context: For the production system of producing Broiler chicken in Russia, the appropriate allocation method is ""none required"" because system expansion is not necessary. This is because the production system is relatively simple and does not involve complex co-products that require allocation.","[-1.6840595, -1.5458122, -1.5966028, -1.3627505, 3.3728864, -1.8934569]","[True, True, True, True, True, True]","[1, 0, 0, 0, 0, 0]","['none', 'energy', 'mass', 'none required', 'economic', 'biophysical']"
"animal housing producing Eggs, hen, in shell in Canada. Additional description: In multi-tier free run systems, hens live either directly on the floor or within an aviary structure, with access to perches, nest and scratch areas, and other enrichments.. Additional Context: Based on the provided context, the appropriate allocation method for the animal housing producing Eggs, hen, in shell in Canada is:

Economic allocation.

This is because the study aims to compare results with previous studies that used economic allocation, and it is also appealing since the economic value of poultry is relatively small compared to the value of eggs. Additionally, the study mentions that economic allocation is the last of the steps described in the ISO 14044 standard and is sometimes interpreted as the least desirable, but it is chosen here due to its practical approach.","[-1.6474876, -1.7541052, -1.0980849, -1.5331718, -1.8113621, 3.8638444]","[True, True, True, True, True, True]","[0, 0, 0, 0, 0, 1]","['none', 'energy', 'mass', 'none required', 'economic', 'biophysical']"
"animal housing producing Eggs, hen, in shell in Netherlands. Additional description: Kipster-Laying hens scenario 3. Additional Context: For the Kipster-Laying hen scenario in the Netherlands, the appropriate allocation method is ""none required"" because system expansion is not necessary. This is because the system is relatively simple and the inputs and outputs are well-defined, making it suitable for biophysical allocation.","[-1.345054, -1.9862297, -1.6930269, -1.7116276, 4.3220334, -1.7950069]","[True, True, True, True, True, True]","[0, 0, 0, 0, 1, 0]","['none', 'energy', 'mass', 'none required', 'economic', 'biophysical']"
"animal housing producing Pig, piglet in United Kingdom. Additional description: Sow England Organic. Additional Context: For the animal housing producing Pig, piglet in the United Kingdom, the appropriate allocation method is ""none required"" because system expansion is not necessary.","[-1.3746258, -1.8994935, -1.643991, -1.6864266, 4.158362, -1.7671279]","[True, True, True, True, True, True]","[0, 0, 0, 0, 1, 0]","['none', 'energy', 'mass', 'none required', 'economic', 'biophysical']"
" producing Milk, cow, raw (FPCM) in United States. Additional Context: For the production system of producing Milk, cow, raw (FPCM) in the United States, the appropriate allocation method is ""none required"". This is because the problem statement mentions that the economic allocation procedure was selected, and it does not mention any need for system expansion.","[-1.8367, -1.4031074, -1.194112, -1.6493554, -2.1068058, 4.2058725]","[True, True, True, True, True, True]","[0, 0, 0, 0, 0, 1]","['none', 'energy', 'mass', 'none required', 'economic', 'biophysical']"
"permanent pasture producing Milk, cow, raw (FPCM) in Ireland. Additional description: A representative sample of Irish dairy farms.. Additional Context: Based on the provided information, the appropriate allocation method for the permanent pasture producing Milk, cow, raw (FPCM) in Ireland is:

System expansion is not necessary in this case, as the production system is a simple, single-product system. Therefore, the answer is: ""none required"".","[-1.3987117, -1.7774576, -1.5954789, -1.4813519, 3.338196, -1.2256076]","[True, True, True, True, True, True]","[0, 0, 0, 0, 0, 1]","['none', 'energy', 'mass', 'none required', 'economic', 'biophysical']"
"permanent pasture producing Beef cattle, calf (male, weaned) in France. Additional description: Beef production - France - January/February. Additional Context: For the given production system of permanent pasture producing Beef cattle, calf (male, weaned) in France, the appropriate allocation method is ""none required"". This is because system expansion is not necessary, as the production system is already a beef production system.","[-1.5526614, -2.230814, -1.7323332, -1.4563049, 3.899602, -1.6384456]","[True, True, True, True, True, True]","[0, 0, 1, 0, 0, 0]","['none', 'energy', 'mass', 'none required', 'economic', 'biophysical']"
"permanent pasture producing Beef cattle, heifer in United Kingdom. Additional description: Generic grass pasture for sheep and cattle.. Additional Context: Based on the provided information, the appropriate allocation method for the permanent pasture producing Beef cattle production system in the United Kingdom is ""biophysical"" or ""mass"" allocation, as system expansion is not necessary and economic allocation is not preferred. The biophysical method is recommended for agricultural systems due to their complexity and the need to account for all functions and emissions. The mass allocation method is also suitable, as it is a common method used in livestock production systems and can provide a moderate division of net emissions between products.","[-1.3177204, -1.7784516, -1.5643666, -1.7579957, 4.1517525, -1.578944]","[True, True, True, True, True, True]","[0, 0, 0, 0, 1, 0]","['none', 'energy', 'mass', 'none required', 'economic', 'biophysical']"
"permanent pasture producing Beef cattle, steer in United Kingdom. Additional description: Generic grass pasture for sheep and cattle.. Additional Context: Based on the provided information, the appropriate allocation method for the permanent pasture producing Beef cattle system in the United Kingdom is ""biophysical"" or ""none required"" since system expansion is not necessary. The biophysical method is recommended for attributional LCA studies, which is suitable for this type of production system. The biophysical method apportions maintenance protein requirements between wool and meat, which is a more accurate representation of the system's causal relationships.","[-1.3372217, -1.8443096, -1.5991565, -1.7612424, 4.1821294, -1.638388]","[True, True, True, True, True, True]","[0, 0, 0, 0, 1, 0]","['none', 'energy', 'mass', 'none required', 'economic', 'biophysical']"
"permanent pasture producing Sheep, lamb (weaned) in United Kingdom. Additional description: High sugar and white clover pasture mix for sheep and cattle.. Additional Context: Based on the provided information, the appropriate allocation method for the permanent pasture producing Sheep, lamb (weaned) in United Kingdom production system is biophysical. 

This is because the system is complex, multi-output, and socio-ecological, and system expansion may not be feasible or desirable. Biophysical allocation is a more suitable method for agricultural systems, as it apportions maintenance protein requirements between wool and meat, which is a key aspect of this production system.","[-1.306374, -1.7611212, -1.5564411, -1.7626497, 4.1360564, -1.5816586]","[True, True, True, True, True, True]","[0, 0, 0, 0, 1, 0]","['none', 'energy', 'mass', 'none required', 'economic', 'biophysical']"
"animal housing producing Dairy cattle, calf in China. Additional Context: For the animal housing producing Dairy cattle production system in China, the appropriate allocation method is ""biological"" or ""mass"" allocation, as the system expansion is not necessary.","[-1.410972, -1.9871658, -1.7451124, -1.6576476, 4.2219763, -1.8858011]","[True, True, True, True, True, True]","[0, 0, 0, 0, 1, 0]","['none', 'energy', 'mass', 'none required', 'economic', 'biophysical']"
"permanent pasture producing Hides, dairy cattle, fresh in United Kingdom. Additional description: based on a stocking density of two 650kg dairy cows per hectare and includes an allowance for followers. inventory is based on cows being housed for 250 days and outdoors for 115 days. Additional Context: Based on the provided information, the appropriate allocation method for the given production system is:

System expansion is not necessary in this case, as it is not feasible to expand the system to include alternative methods of producing co-products. Therefore, the allocation method should be one of the three remaining options: mass, economic, or biophysical.

Given the complexity of biophysical allocation, it is not the most practical choice. Economic allocation is also not the best option, as it may not accurately reflect the environmental impacts of the production system.

Mass allocation is the most suitable option, as it is a simple and widely used method that can provide a reasonable estimate of the environmental impacts of the production system. The mass allocation method can be based on the physical relationships between the products, such as the weight of the hides, dairy products, and manure.

Therefore, the answer is: Mass allocation.","[-1.3496492, -1.8057244, -1.6818371, -1.7341647, 4.2039385, -1.6443456]","[True, True, True, True, True, True]","[0, 0, 0, 0, 1, 0]","['none', 'energy', 'mass', 'none required', 'economic', 'biophysical']"
"animal housing producing Beef cattle, calf (female, weaned) in United Kingdom. Additional description: Indoor cattle system.. Additional Context: For the animal housing producing Beef cattle, calf (female, weaned) in United Kingdom, the appropriate allocation method is ""none required"" because system expansion is not necessary.","[-1.3041123, -1.8971306, -1.570298, -1.7621609, 4.200254, -1.68726]","[True, True, True, True, True, True]","[0, 0, 0, 0, 1, 0]","['none', 'energy', 'mass', 'none required', 'economic', 'biophysical']"
"permanent pasture producing Beef cattle, heifer in United Kingdom. Additional description: Generic grass pasture for sheep and cattle.. Additional Context: Based on the provided information, the appropriate allocation method for the permanent pasture producing Beef cattle production system in the United Kingdom is ""biophysical"" or ""mass"" allocation, as system expansion is not necessary and economic allocation is not preferred. The biophysical method is recommended for agricultural systems due to their complexity and the need to account for all functions and emissions. The mass allocation method is also suitable, as it is a common method used in livestock production systems and can provide a moderate division of net emissions between products.","[-1.3177204, -1.7784516, -1.5643666, -1.7579957, 4.1517525, -1.578944]","[True, True, True, True, True, True]","[0, 0, 0, 0, 1, 0]","['none', 'energy', 'mass', 'none required', 'economic', 'biophysical']"
"agri-food processor producing Caciotta in Southern Europe. Additional description: Processing and packaging cycle to transform milk into various dairy products.. Additional Context: For the agri-food processor producing Caciotta in Southern Europe, the appropriate allocation method is mass-based biophysical allocation. This is because the production system involves a physical transformation of milk into Caciotta, and mass-based biophysical allocation is a suitable method for representing this physical relationship.","[-1.4139884, -1.903628, -1.6702739, -1.6254452, 4.1243577, -1.7580819]","[True, True, True, True, True, True]","[0, 0, 0, 0, 1, 0]","['none', 'energy', 'mass', 'none required', 'economic', 'biophysical']"
"agri-food processor producing Meat, pig (cold dressed carcass weight) in Denmark. Additional description: Slaughter Denmark Conventional. Additional Context: For the agri-food processor producing Meat, pig (cold dressed carcass weight) in Denmark, the appropriate allocation method is ""none required"" since system expansion is not necessary.","[-1.88693, -1.6984209, -1.3498174, 4.269707, -1.7202313, -1.5242527]","[True, True, True, True, True, True]","[0, 0, 0, 1, 0, 0]","['none', 'energy', 'mass', 'none required', 'economic', 'biophysical']"
"animal housing producing Layer chicken, pullet in Mexico. Additional description: Bird development phase (10 weeks). Additional Context: Based on the provided information, since the production system is a complex, multi-output, socio-ecological system, and system expansion may not be feasible or desirable, the appropriate allocation method is ""none required"".","[3.2432275, -2.1155336, -1.5741826, -0.65997654, -2.4620004, -1.7716184]","[True, True, True, True, True, True]","[1, 0, 0, 0, 0, 0]","['none', 'energy', 'mass', 'none required', 'economic', 'biophysical']"
"permanent pasture producing Dairy cattle, cow in United Kingdom. Additional description: Annual production cycle of a grass-based UK dairy farm on a high sugar grass (HSG), increasingly used in UK livestock holdings.. Additional Context: For a grass-based UK dairy farm on permanent pasture, the appropriate allocation method is:

* System expansion is not necessary, as the farm is already on permanent pasture.
* No allocation is required, as the farm's emissions are already accounted for in the grassland production system.

However, if system expansion is used, the most suitable allocation method would be:

* Mass allocation, as it is a physical relationship between the co-products (milk and meat) and is a common approach for grass-based dairy systems.","[-1.365479, -1.7903225, -1.6383287, -1.7249545, 4.1504097, -1.6339296]","[True, True, True, True, True, True]","[0, 0, 0, 0, 1, 0]","['none', 'energy', 'mass', 'none required', 'economic', 'biophysical']"
"permanent pasture producing Sheep, lamb in United Kingdom. Additional description: High sugar and white clover pasture mix for sheep and cattle.. Additional Context: For the given production system of permanent pasture producing Sheep, lamb in United Kingdom with a high sugar and white clover pasture mix for sheep and cattle, the appropriate allocation method is biophysical. This is because the system is complex, multi-output, and socio-ecological, and biophysical allocation is more suitable for such systems. System expansion may not be feasible or desirable due to the complexity of the system and the need for large amounts of extraneous data. Economic allocation may also not be suitable due to the potential for large variation in the proportion of impacts allocated to wool and the potential for inconsistent results. Mass-based allocation may not accurately reflect the causal relationships driving the environmental footprint.","[-1.3600409, -1.7259778, -1.5945249, -1.7081158, 4.080072, -1.6063565]","[True, True, True, True, True, True]","[0, 0, 0, 0, 1, 0]","['none', 'energy', 'mass', 'none required', 'economic', 'biophysical']"
"agri-food processor producing Caciotta in Southern Europe. Additional description: Processing and packaging cycle to transform milk into various dairy products.. Additional Context: For the agri-food processor producing Caciotta in Southern Europe, the appropriate allocation method is mass-based biophysical allocation. This is because the production system involves a physical transformation of milk into Caciotta, and mass-based biophysical allocation is a suitable method for representing this physical relationship.","[-1.4139884, -1.9036278, -1.670274, -1.6254456, 4.1243577, -1.7580816]","[True, True, True, True, True, True]","[0, 0, 0, 0, 1, 0]","['none', 'energy', 'mass', 'none required', 'economic', 'biophysical']"
"permanent pasture producing Beef cattle, steer in United Kingdom. Additional description: High sugar and white clover pasture mix for sheep and cattle.. Additional Context: Based on the provided information, the appropriate allocation method for the permanent pasture producing Beef cattle system in the United Kingdom with a high sugar and white clover pasture mix for sheep and cattle is ""none required"". This is because system expansion is not necessary for this production system, as it is a relatively simple and straightforward system with well-defined inputs and outputs. Additionally, the system expansion method is not suitable for this system due to the lack of data on alternative production systems. Therefore, the most suitable allocation method is not listed among the options, and the correct answer is ""none"".","[-1.3186766, -1.7670941, -1.5742726, -1.7695668, 4.1620464, -1.5769618]","[True, True, True, True, True, True]","[0, 0, 0, 0, 1, 0]","['none', 'energy', 'mass', 'none required', 'economic', 'biophysical']"
"permanent pasture producing Meat, dairy cattle (liveweight) in Brazil. Additional description: Aggregate cycle representing data from 4 farms in the Central-East mesoregion on Parana in 2019, all producing milk under a semi-confinement system, where animals spend part of each day on pasture, and the remainder confined. Additional Context: Here is a summary of the relevant information:

**Allocation Methods:**

1. **No Allocation**: 100% emissions are allocated to the main product.
2. **Biological Allocation**: Allocation based on physical relationship between co-products (e.g., mass, energy, protein).
3. **Economic Allocation**: Allocation based on market value of each product.
4. **System Expansion**: Expansion of the system to include the alternative method of producing co-products.

**Economic Allocation:**

* Uses prices to allocate emissions to products.
* Can be used when system expansion is not feasible.
* Can be based on:
	+ Mass allocation (e.g., IDF 2015 recommended equation).
	+ Energy allocation.
	+ Protein allocation.

**System Expansion:**

* Avoids allocation by expanding the system to include the alternative method of producing co-products.
* Can be used when system expansion is feasible.
* Can be used to analyze the consequences of changes in future milk production.

**Uncertainty and Sensitivity Analysis:**

* Input parameters can have uncertainty due to temporal or spatial variability.
* Economic allocation can be sensitive to factors such as prices, demands, taxes, and subsidies.

**Comparison of Allocation Methods:**

* Different allocation methods can produce varying results.
* Economic","[2.1012404, -2.084784, -1.4697024, -0.89159226, -0.48654717, -1.5246246]","[True, True, True, True, True, True]","[0, 0, 0, 0, 1, 0]","['none', 'energy', 'mass', 'none required', 'economic', 'biophysical']"
"permanent pasture producing Sheep, lamb (weaned) in United Kingdom. Additional description: High sugar and white clover pasture mix for sheep and cattle.. Additional Context: Based on the provided information, the appropriate allocation method for the permanent pasture producing Sheep, lamb (weaned) in United Kingdom production system is biophysical. 

This is because the system is complex, multi-output, and socio-ecological, and system expansion may not be feasible or desirable. Biophysical allocation is a more suitable method for agricultural systems, as it apportions maintenance protein requirements between wool and meat, which is a key aspect of this production system.","[-1.306374, -1.7611212, -1.556441, -1.7626495, 4.1360564, -1.5816587]","[True, True, True, True, True, True]","[0, 0, 0, 0, 1, 0]","['none', 'energy', 'mass', 'none required', 'economic', 'biophysical']"
"permanent pasture producing Sheep, lamb in United Kingdom. Additional description: Generic grass pasture for sheep and cattle.. Additional Context: Based on the provided information, the appropriate allocation method for the permanent pasture producing sheep and lamb system in the United Kingdom is biophysical allocation. This is because:

* System expansion is not necessary for this system, as it is a complex, multi-output, socio-ecological system with inputs and outputs inextricably linked.
* Economic allocation is considered the least desirable method, as it can lead to inconsistent and unrepresentative results.
* Mass allocation may not be suitable, as it does not account for the causal relationships driving the environmental footprint.
* Energy allocation is not directly applicable to this system, as it is not a process-based approach.

Biophysical allocation is the most suitable method, as it apportions maintenance protein requirements between wool and meat, reflecting the underlying causal relationships driving the environmental footprint.","[-1.3036351, -1.7326181, -1.5547649, -1.7547283, 4.1209702, -1.5527849]","[True, True, True, True, True, True]","[0, 0, 0, 0, 1, 0]","['none', 'energy', 'mass', 'none required', 'economic', 'biophysical']"
"permanent pasture producing Beef cattle, heifer in United Kingdom. Additional description: High sugar and white clover pasture mix for sheep and cattle.. Additional Context: Based on the provided information, the appropriate allocation method for the permanent pasture producing Beef cattle system in the United Kingdom with a high sugar and white clover pasture mix for sheep and cattle is ""none required"". This is because system expansion is not necessary for this production system, as it is a complex, multi-output, socio-ecological system with inputs and outputs inextricably linked. System expansion requires large amounts of extraneous data and complex models, which may not be feasible or transparent for agricultural systems.","[-1.3017077, -1.7635529, -1.5481136, -1.7568306, 4.1336346, -1.5774357]","[True, True, True, True, True, True]","[0, 0, 0, 0, 1, 0]","['none', 'energy', 'mass', 'none required', 'economic', 'biophysical']"
"agri-food processor producing Cheese, cow in Italy. Additional Context: For the agri-food processor producing cheese in Italy, the appropriate allocation method is ""biophysical"" since the system expansion is not necessary and the production system is complex, multi-output, and socio-ecological. Biophysical allocation is a suitable method for agricultural systems as it takes into account the intrinsic relationships between inputs and outputs, and it is more transparent and less prone to assumptions compared to other methods.","[-1.2111309, -1.823515, -1.478028, -1.7213641, 4.1076612, -1.6151052]","[True, True, True, True, True, True]","[0, 0, 0, 0, 1, 0]","['none', 'energy', 'mass', 'none required', 'economic', 'biophysical']"
"permanent pasture producing Beef cattle, heifer in United Kingdom. Additional description: Generic grass pasture for sheep and cattle.. Additional Context: Based on the provided information, the appropriate allocation method for the permanent pasture producing Beef cattle production system in the United Kingdom is ""biophysical"" or ""mass"" allocation, as system expansion is not necessary and economic allocation is not preferred. The biophysical method is recommended for agricultural systems due to their complexity and the need to account for all functions and emissions. The mass allocation method is also suitable, as it is a common method used in livestock production systems and can provide a moderate division of net emissions between products.","[-1.3177204, -1.7784516, -1.5643666, -1.7579957, 4.1517525, -1.578944]","[True, True, True, True, True, True]","[0, 0, 0, 0, 1, 0]","['none', 'energy', 'mass', 'none required', 'economic', 'biophysical']"
"animal housing producing Pig in Netherlands. Additional description: Sow and piglets. Additional Context: For the animal housing production system producing pigs in the Netherlands, the appropriate allocation method is ""none required"" because system expansion is not necessary.","[-1.338356, -2.0142756, -1.7175845, -1.6760621, 4.25539, -1.913651]","[True, True, True, True, True, True]","[0, 0, 0, 1, 0, 0]","['none', 'energy', 'mass', 'none required', 'economic', 'biophysical']"
"animal housing producing Layer chicken, pullet in Czech Republic. Additional description: Chicks are reared until young hens (pullets). Additional Context: For the animal housing producing Layer chicken production system, the appropriate allocation method is ""mass-energy"" if system expansion is not necessary. This is because the mass-energy approach is a biophysical relationship between poultry litter and the inputs needed for its production, which is a fundamental input/output relationship. This method is useful for quantifying the dependence of organic farming systems on conventional production processes, as the use of litter is tied directly to the production of nutrients in the litter.","[4.2954445, -1.904777, -1.5188757, -1.7087733, -1.9573635, -1.9342092]","[True, True, True, True, True, True]","[1, 0, 0, 0, 0, 0]","['none', 'energy', 'mass', 'none required', 'economic', 'biophysical']"
"agri-food processor producing Meat, beef cattle (cold carcass weight) in Brazil. Additional description: Meat, beef (carcass-weight) - Scenario 2. Additional Context: For the agri-food processor producing Meat, beef cattle (cold carcass weight) in Brazil, the appropriate allocation method is:

System expansion is not necessary, as it is not feasible to expand the system to include the alternative method of producing the co-product (beef). 

Therefore, the answer is: none required.","[-1.3294698, -1.9269823, -1.6424426, -1.7151244, 4.2386656, -1.7498934]","[True, True, True, True, True, True]","[0, 0, 0, 0, 1, 0]","['none', 'energy', 'mass', 'none required', 'economic', 'biophysical']"
"permanent pasture producing Beef cattle, steer in United Kingdom. Additional description: High sugar and white clover pasture mix for sheep and cattle.. Additional Context: Based on the provided information, the appropriate allocation method for the permanent pasture producing Beef cattle system in the United Kingdom with a high sugar and white clover pasture mix for sheep and cattle is ""none required"". This is because system expansion is not necessary for this production system, as it is a relatively simple and straightforward system with well-defined inputs and outputs. Additionally, the system expansion method is not suitable for this system due to the lack of data on alternative production systems. Therefore, the most suitable allocation method is not listed among the options, and the correct answer is ""none"".","[-1.3186765, -1.7670939, -1.5742728, -1.7695669, 4.1620464, -1.5769619]","[True, True, True, True, True, True]","[0, 0, 0, 0, 1, 0]","['none', 'energy', 'mass', 'none required', 'economic', 'biophysical']"
"animal housing producing Pig, piglet in Denmark. Additional description: Sow herds-2016. Additional Context: For the animal housing production system producing Pig and piglet in Denmark, the appropriate allocation method is ""none required"" because system expansion is not necessary.","[4.628892, -1.7385411, -1.6117573, -1.9728042, -2.0791054, -1.7676948]","[True, True, True, True, True, True]","[1, 0, 0, 0, 0, 0]","['none', 'energy', 'mass', 'none required', 'economic', 'biophysical']"
"agri-food processor producing Meat, chicken (cold carcass weight) in Thailand. Additional description: Frozen processing factory. Additional Context: For the agri-food processor producing Meat, chicken (cold carcass weight) in Thailand, the appropriate allocation method is ""none required"" because system expansion is not necessary. The production system is a frozen processing factory, which is a single process with a clear input-output relationship, making mass allocation the most suitable method.","[-1.6051733, -1.9007843, -1.5874935, 4.527403, -2.3548899, -1.6885915]","[True, True, True, True, True, True]","[0, 0, 0, 1, 0, 0]","['none', 'energy', 'mass', 'none required', 'economic', 'biophysical']"
"animal housing producing Milk, cow, raw (FPCM) in Spain. Additional description: Pasture-based milk cycle. Additional Context: For a pasture-based milk production system in Spain, the appropriate allocation method is ""none required"" since system expansion is not necessary.","[-1.2025468, -1.916603, -1.5024298, -1.7367629, 4.148883, -1.6677818]","[True, True, True, True, True, True]","[0, 0, 0, 0, 1, 0]","['none', 'energy', 'mass', 'none required', 'economic', 'biophysical']"
"permanent pasture producing Beef cattle, heifer in France. Additional description: Beef production - France - November/December. Additional Context: For the permanent pasture producing Beef cattle production system, the appropriate allocation method is ""none required"" because system expansion is not necessary.","[-1.5000997, -2.1384354, -1.686912, -1.5423731, 4.011142, -1.6514249]","[True, True, True, True, True, True]","[0, 0, 0, 0, 1, 0]","['none', 'energy', 'mass', 'none required', 'economic', 'biophysical']"
"animal housing producing Broiler chicken, hen in Thailand. Additional description: CB2-Parent farm 1. Additional Context: For the animal housing producing Broiler chicken production system, the appropriate allocation method is ""mass-energy"" if system expansion is used. This is because the mass-energy approach is a biophysical relationship between poultry litter and the inputs needed for its production, which is a fundamental input/output relationship that can be used to allocate environmental burdens from litter based on its biologically valuable resources (N, P, and K).","[-1.9203694, -1.8021884, -1.5914683, 4.918027, -2.0037334, -1.8480606]","[True, True, True, True, True, True]","[0, 0, 0, 1, 0, 0]","['none', 'energy', 'mass', 'none required', 'economic', 'biophysical']"
